Details,Posting Date,Description,Amount,Type,Balance,Check or Slip #
DEBIT,04/30/2026,"MONTHLY SERVICE FEE",-17.50,FEE_TRANSACTION,1533.98,,
DEBIT,04/30/2026,"ORIG CO NAME:ADP Tax                ORIG ID:1223006057 DESC DATE:260430 CO ENTRY DESCR:ADP Tax   SEC:CCD    TRACE#:021000020034784 EED:260430   IND ID:L9QM5 050602A01              IND NAME:MAJOR APPLIANCE SERVIC                                                                                       KE TRN: 1200034784TC",-1210.63,ACH_DEBIT,1551.48,,
DEBIT,04/30/2026,"Zelle payment to Cristie JPM99cf4p5yi",-483.92,CHASE_TO_PARTNERFI,2762.11,,
DEBIT,04/30/2026,"Zelle payment to Mishkan Aron 29024959034",-300.00,QUICKPAY_DEBIT,3246.03,,
DEBIT,04/30/2026,"Zelle payment to Mishkan Aron 29024976759",-250.00,QUICKPAY_DEBIT,3546.03,,
DEBIT,04/30/2026,"SHELL SERVICE STATION INWOOD NY      812156  04/30",-59.62,DEBIT_CARD,3796.03,,
DEBIT,04/30/2026,"AMAZON MKTPL*BV4NH21 Amzn.com/bill WA        04/30",-29.98,DEBIT_CARD,3855.65,,
DEBIT,04/30/2026,"ORIG CO NAME:MARCONE                ORIG ID:2430728583 DESC DATE:042926 CO ENTRY DESCR:PAYMENT   SEC:PPD    TRACE#:071000286700933 EED:260430   IND ID:                             IND NAME:MAJOR APPLIANCE SERVI TRN: 1206700933TC",-535.66,ACH_DEBIT,3885.63,,
DEBIT,04/30/2026,"AMAZON MKTPL*BS8UK9S Amzn.com/bill WA        04/30",-83.66,DEBIT_CARD,4421.29,,
DEBIT,04/30/2026,"AMAZON MKTPL*BS3DB16 Amzn.com/bill WA        04/30",-43.54,DEBIT_CARD,4504.95,,
DEBIT,04/30/2026,"Amazon.com*BJ7D743I1 Amzn.com/bill WA        04/30",-16.74,DEBIT_CARD,4548.49,,
DEBIT,04/30/2026,"KLARNA* ADIDAS US KLARNA.COM OH              04/30",-91.93,DEBIT_CARD,4565.23,,
DEBIT,04/30/2026,"MCF NA CONNECTEDFLEE GA                      04/29",-85.85,DEBIT_CARD,4657.16,,
DEBIT,04/30/2026,"MCF NA CONNECTEDFLEE GA                      04/29",-85.85,DEBIT_CARD,4743.01,,
DEBIT,04/30/2026,"MCF NA CONNECTEDFLEE GA                      04/29",-85.85,DEBIT_CARD,4828.86,,
DEBIT,04/30/2026,"MCF NA CONNECTEDFLEE GA                      04/29",-85.85,DEBIT_CARD,4914.71,,
DEBIT,04/30/2026,"AMI MAGAZINE 718-534-8800 NJ                 04/29",-29.99,DEBIT_CARD,5000.56,,
DEBIT,04/30/2026,"NYCDOT PARKNYC 212-748-6680 NY               04/30",-100.05,DEBIT_CARD,5030.55,,
DEBIT,04/30/2026,"VBS*VONAGE BUSINESS 866-901-0242 GA          04/29",-107.00,DEBIT_CARD,5130.60,,
DEBIT,04/30/2026,"AMAZON MKTPL*BV4BK5T Amzn.com/bill WA        04/29",-43.55,DEBIT_CARD,5237.60,,
DEBIT,04/30/2026,"AMAZON MKTPL*BJ19H2L Amzn.com/bill WA        04/29",-42.07,DEBIT_CARD,5281.15,,
DEBIT,04/30/2026,"Amazon.com*BV6JW5JM2 Amzn.com/bill WA        04/29",-47.00,DEBIT_CARD,5323.22,,
CREDIT,04/30/2026,"ORIG CO NAME:MERCH BANKCARD         ORIG ID:1470770502 DESC DATE:042926 CO ENTRY DESCR:NET SETLMTSEC:CCD    TRACE#:242071750244806 EED:260430   IND ID:520004810165                 IND NAME:MAJOR APPLIANCE SERVIC        MERCH BANKCARD  NET SETLMT   520 004810165     MAJOR APPLIANCE SERVI ICE CBC   MAJOR APPLIANCE SERV TRN: 1200244806TC",922.18,ACH_CREDIT,5370.22,,
DSLIP,04/30/2026,"REMOTE ONLINE DEPOSIT #          1",275.00,CHECK_DEPOSIT,4448.04,1,
DSLIP,04/30/2026,"REMOTE ONLINE DEPOSIT #          1",292.87,CHECK_DEPOSIT,4173.04,1,
DSLIP,04/30/2026,"REMOTE ONLINE DEPOSIT #          1",298.32,CHECK_DEPOSIT,3880.17,1,
DSLIP,04/30/2026,"REMOTE ONLINE DEPOSIT #          1",499.74,CHECK_DEPOSIT,3581.85,1,
CHECK,04/29/2026,"CHECK 1533  ",-600.00,CHECK_PAID,3082.11,1533,
DEBIT,04/29/2026,"Zelle payment to Shlomo Perkal JPM99cez2ndo",-130.00,CHASE_TO_PARTNERFI,3682.11,,
DEBIT,04/29/2026,"Zelle payment to Mike JPM99cez2qdr",-90.00,CHASE_TO_PARTNERFI,3812.11,,
DEBIT,04/29/2026,"SP+AFF * ELYS CO. 855-423-3729 CA            04/29",-39.25,DEBIT_CARD,3902.11,,
DEBIT,04/29/2026,"AMAZON MKTPL*BJ98V64 Amzn.com/bill WA        04/29",-29.34,DEBIT_CARD,3941.36,,
DEBIT,04/29/2026,"ORIG CO NAME:UticaFirst             ORIG ID:1150476540 DESC DATE:260428 CO ENTRY DESCR:WEB PAY   SEC:WEB    TRACE#:022000045110291 EED:260429   IND ID:UticaFirst                   IND NAME:Major Appliance Servi                                                                                        8881234567 TRN: 1195110291TC",-192.14,ACH_DEBIT,3970.70,,
DEBIT,04/29/2026,"AMAZON MKTPL*BS0R08W Amzn.com/bill WA        04/28",-21.76,DEBIT_CARD,4162.84,,
DEBIT,04/29/2026,"ROCKAWAY KOSHER FAR ROCKAWAY NY              04/27",-13.28,DEBIT_CARD,4184.60,,
CREDIT,04/29/2026,"ORIG CO NAME:MERCH BANKCARD         ORIG ID:1470770502 DESC DATE:042826 CO ENTRY DESCR:NET SETLMTSEC:CCD    TRACE#:242071757177895 EED:260429   IND ID:520004810165                 IND NAME:MAJOR APPLIANCE SERVIC        MERCH BANKCARD  NET SETLMT   520 004810165     MAJOR APPLIANCE SERVI ICE CBC   MAJOR APPLIANCE SERV TRN: 1197177895TC",2247.42,ACH_CREDIT,4197.88,,
CREDIT,04/29/2026,"ORIG CO NAME:PCRichard PMD          ORIG ID:7010532275 DESC DATE:260429 CO ENTRY DESCR:PAYMENT   SEC:CCD    TRACE#:051000017382285 EED:260429   IND ID:2005579                      IND NAME:majorapplian.receivabl TRN: 1197382285TC",2695.90,MISC_CREDIT,1950.46,,
DEBIT,04/28/2026,"ORIG CO NAME:VZ WIRELESS VN         ORIG ID:0000751800 DESC DATE:260428 CO ENTRY DESCR:E CHECK   SEC:TEL    TRACE#:021000026476514 EED:260428   IND ID:0541561                      IND NAME:CHAIM *SHANET                                                                                                800-922-0204 TRN: 1186476514TC",-114.24,ACH_DEBIT,-745.44,,
DEBIT,04/28/2026,"ORIG CO NAME:MASSACHUSETTS MU       ORIG ID:E041590850 DESC DATE:260428 CO ENTRY DESCR:MMPAY     SEC:WEB    TRACE#:051400501398318 EED:260428   IND ID:301392674                    IND NAME:CHAIM  SHANET                                                                                                00000000000000000000 TRN: 1181398318TC",-56.99,ACH_DEBIT,-631.20,,
DEBIT,04/28/2026,"ORIG CO NAME:LIPA                   ORIG ID:1563585001 DESC DATE:260424 CO ENTRY DESCR:ONLINE PAYSEC:WEB    TRACE#:021000021651790 EED:260428   IND ID:0773401685                   IND NAME:GOLDA SHANET TRN: 1181651790TC",-400.00,ACH_DEBIT,-574.21,,
DEBIT,04/28/2026,"ORIG CO NAME:DISCOVER               ORIG ID:6510020270 DESC DATE:260427 CO ENTRY DESCR:PHONE PAY SEC:TEL    TRACE#:091000011270703 EED:260428   IND ID:6718                         IND NAME:SHANET PAUL                                                                                                  DC PYMNTS DCICMSIVR TRN: 1181270703TC",-1076.00,ACH_DEBIT,-174.21,,
DEBIT,04/28/2026,"THE NEXUS SCHOOL OF SCHOOL.THENEX NJ         04/28",-59.82,DEBIT_CARD,901.79,,
DEBIT,04/28/2026,"Online RealTime vendor payment  11216894030 Payment Id REFERENCE#: 8216894030RX  to  Avanti 6751",-750.00,ACH_PAYMENT,961.61,,
DEBIT,04/28/2026,"VINOTEMP.COM 800-777-8466 FL                 04/27",-43.95,DEBIT_CARD,1711.61,,
DEBIT,04/28/2026,"VINOTEMP.COM 800-777-8466 FL                 04/27",-20.95,DEBIT_CARD,1755.56,,
DEBIT,04/28/2026,"VINOTEMP.COM 800-777-8466 FL                 04/27",-20.95,DEBIT_CARD,1776.51,,
DEBIT,04/28/2026,"AMAZON MKTPL*BJ0KX7Y Amzn.com/bill WA        04/28",-29.13,DEBIT_CARD,1797.46,,
DEBIT,04/28/2026,"AMAZON MKTPL*BS1VI69 Amzn.com/bill WA        04/28",-118.98,DEBIT_CARD,1826.59,,
DEBIT,04/28/2026,"BINGO WHOLESALE FIVE TO INWOOD NY            04/26",-566.20,DEBIT_CARD,1945.57,,
DEBIT,04/28/2026,"BINGO WHOLESALE FIVE TO INWOOD NY            04/26",-319.05,DEBIT_CARD,2511.77,,
DSLIP,04/28/2026,"REMOTE ONLINE DEPOSIT #          1",117.18,CHECK_DEPOSIT,2830.82,1,
DSLIP,04/28/2026,"REMOTE ONLINE DEPOSIT #          1",117.18,CHECK_DEPOSIT,2713.64,1,
DSLIP,04/28/2026,"REMOTE ONLINE DEPOSIT #          1",132.14,CHECK_DEPOSIT,2596.46,1,
DSLIP,04/28/2026,"REMOTE ONLINE DEPOSIT #          1",132.14,CHECK_DEPOSIT,2464.32,1,
DEBIT,04/27/2026,"SUNOCO 0998194501 INWOOD NY          407884  04/27",-45.84,DEBIT_CARD,2332.18,,
DEBIT,04/27/2026,"Zelle payment to Shlomo Perkal JPM99cet2qmy",-130.00,CHASE_TO_PARTNERFI,2378.02,,
CHECK,04/27/2026,"CHECK 1372  ",-332.00,CHECK_PAID,2508.02,1372,
DEBIT,04/27/2026,"Zelle payment to Schweitzer 28987083553",-200.00,QUICKPAY_DEBIT,2840.02,,
DEBIT,04/27/2026,"ORIG CO NAME:ADP Tax                ORIG ID:1223006057 DESC DATE:260427 CO ENTRY DESCR:ADP Tax   SEC:CCD    TRACE#:021000021325038 EED:260427   IND ID:L9QM5 7870282VV              IND NAME:MAJOR APPLIANCE SERVIC                                                                                       AA TRN: 1171325038TC",-1140.77,ACH_DEBIT,3040.02,,
DEBIT,04/27/2026,"Zelle payment to Schweitzer 28986524196",-400.00,QUICKPAY_DEBIT,4180.79,,
DEBIT,04/27/2026,"SP+AFF* KLADE CHILDREN AFFIRM.COM CA         04/27",-57.43,DEBIT_CARD,4580.79,,
DEBIT,04/27/2026,"Zelle payment to Zlata JPM99cer2oow",-100.00,CHASE_TO_PARTNERFI,4638.22,,
DEBIT,04/27/2026,"Zelle payment to Malka JPM99ceqvz5u",-317.00,CHASE_TO_PARTNERFI,4738.22,,
DEBIT,04/27/2026,"SP+AFF * YOUNG TIMERS 855-423-3729 CA        04/27",-40.24,DEBIT_CARD,5055.22,,
DEBIT,04/27/2026,"SP+AFF * APPARALEL 855-423-3729 CA           04/27",-38.52,DEBIT_CARD,5095.46,,
DEBIT,04/27/2026,"SP+AFF * YOUNG TIMERS 855-423-3729 CA        04/27",-117.22,DEBIT_CARD,5133.98,,
DEBIT,04/27/2026,"E-Z*PASSNY REBILL 800-333-8655 NY            04/27",-25.00,DEBIT_CARD,5251.20,,
DEBIT,04/27/2026,"SP+AFF * BLEW BOUTIQU 855-423-3729 CA        04/26",-31.51,DEBIT_CARD,5276.20,,
DEBIT,04/27/2026,"E-Z*PASSNY REBILL 800-333-8655 NY            04/26",-200.00,DEBIT_CARD,5307.71,,
DEBIT,04/27/2026,"BONEI OLAM VZAKEINI 718-252-1212 NY          04/24",-7.25,DEBIT_CARD,5507.71,,
DEBIT,04/27/2026,"AMAZON MKTPL*BJ3Q61M Amzn.com/bill WA        04/25",-86.28,DEBIT_CARD,5514.96,,
DEBIT,04/27/2026,"AMAZON MKTPL*BY29147 Amzn.com/bill WA        04/25",-28.45,DEBIT_CARD,5601.24,,
DEBIT,04/27/2026,"GOURMET GLATT - CEDARHU CEDARHURST NY        04/24",-135.43,DEBIT_CARD,5629.69,,
DEBIT,04/27/2026,"BASSLINE PRODUCTIONS L 732-7193311 NJ        04/24",-14.95,DEBIT_CARD,5765.12,,
DEBIT,04/27/2026,"EMBED SOCIAL PATRICH                         04/24",-29.00,DEBIT_CARD,5780.07,,
CREDIT,04/27/2026,"ORIG CO NAME:MERCH BANKCARD         ORIG ID:1470770502 DESC DATE:042526 CO ENTRY DESCR:NET SETLMTSEC:CCD    TRACE#:242071758485596 EED:260427   IND ID:520004810165                 IND NAME:MAJOR APPLIANCE SERVIC        MERCH BANKCARD  NET SETLMT   520 004810165     MAJOR APPLIANCE SERVI ICE CBC   MAJOR APPLIANCE SERV TRN: 1178485596TC",677.59,ACH_CREDIT,5809.07,,
CREDIT,04/27/2026,"ORIG CO NAME:MERCH BANKCARD         ORIG ID:1470770502 DESC DATE:042426 CO ENTRY DESCR:NET SETLMTSEC:CCD    TRACE#:242071756196304 EED:260427   IND ID:520004810165                 IND NAME:MAJOR APPLIANCE SERVIC        MERCH BANKCARD  NET SETLMT   520 004810165     MAJOR APPLIANCE SERVI ICE CBC   MAJOR APPLIANCE SERV TRN: 1176196304TC",3044.61,ACH_CREDIT,5131.48,,
DSLIP,04/27/2026,"REMOTE ONLINE DEPOSIT #          1",152.37,CHECK_DEPOSIT,2086.87,1,
DSLIP,04/27/2026,"REMOTE ONLINE DEPOSIT #          1",184.00,CHECK_DEPOSIT,1934.50,1,
DSLIP,04/27/2026,"REMOTE ONLINE DEPOSIT #          1",184.00,CHECK_DEPOSIT,1750.50,1,
DSLIP,04/27/2026,"REMOTE ONLINE DEPOSIT #          1",184.00,CHECK_DEPOSIT,1566.50,1,
DSLIP,04/27/2026,"REMOTE ONLINE DEPOSIT #          1",184.00,CHECK_DEPOSIT,1382.50,1,
DSLIP,04/27/2026,"REMOTE ONLINE DEPOSIT #          1",205.77,CHECK_DEPOSIT,1198.50,1,
DSLIP,04/27/2026,"REMOTE ONLINE DEPOSIT #          1",205.77,CHECK_DEPOSIT,992.73,1,
DSLIP,04/27/2026,"REMOTE ONLINE DEPOSIT #          1",205.77,CHECK_DEPOSIT,786.96,1,
CREDIT,04/27/2026,"REAL TIME TRANSFER RECD FROM ABA/CONTR BNK-021000021  FROM: GE Appliances REF: 5264008580_136289019 INFO: TEXT-RmtInf-5264008580 IID: 20260427021000021P1BRJPC04110002756 RECD: 06:03:44 TRN: 0040382117GD BREF: 0b9bff87d8991846",788.00,MISC_CREDIT,581.19,,
CHECK,04/24/2026,"CHECK 1542  ",-55.00,CHECK_PAID,-206.81,1542,
CHECK,04/24/2026,"CHECK 1543  ",-600.00,CHECK_PAID,-151.81,1543,
DEBIT,04/24/2026,"TRADER JOE S #55 1280 HEWLETT NY     521838  04/24",-29.42,DEBIT_CARD,448.19,,
DEBIT,04/24/2026,"ORIG CO NAME:ADP PAYROLL FEES       ORIG ID:9659605001 DESC DATE:260424 CO ENTRY DESCR:ADP FEES  SEC:CCD    TRACE#:021000025614332 EED:260424   IND ID:932440882495                 IND NAME:718483729MAJOR APPLIAN                                                                                       550374703 TRN: 1145614332TC",-148.66,ACH_DEBIT,477.61,,
DEBIT,04/24/2026,"ORIG CO NAME:ADP PAYROLL FEES       ORIG ID:9659605001 DESC DATE:260424 CO ENTRY DESCR:ADP FEES  SEC:CCD    TRACE#:021000025609531 EED:260424   IND ID:932440882494                 IND NAME:718483414MAJOR APPLIAN                                                                                       550374703 TRN: 1145609531TC",-148.66,ACH_DEBIT,626.27,,
DEBIT,04/24/2026,"Zelle payment to Cristie JPM99cecqb0q",-503.63,CHASE_TO_PARTNERFI,774.93,,
DEBIT,04/24/2026,"Zelle payment to Josh Perez JPM99cecq7ph",-619.57,CHASE_TO_PARTNERFI,1278.56,,
DEBIT,04/24/2026,"Zelle payment to Rudy JPM99cecpmo9",-827.27,CHASE_TO_PARTNERFI,1898.13,,
DEBIT,04/24/2026,"Zelle payment to William  Franklin JPM99cecpm25",-729.56,CHASE_TO_PARTNERFI,2725.40,,
DEBIT,04/24/2026,"EBAY O*25-14525-06280 SAN JOSE CA    142300  04/24",-68.29,DEBIT_CARD,3454.96,,
DEBIT,04/24/2026,"ORIG CO NAME:Roe Oil Company        ORIG ID:1208731395 DESC DATE:       CO ENTRY DESCR:ACH CollecSEC:CCD    TRACE#:121137721869923 EED:260424   IND ID:1258                         IND NAME:Major Appliance TRN: 1141869923TC",-160.20,ACH_DEBIT,3523.25,,
DEBIT,04/24/2026,"ORIG CO NAME:SBA EIDL LOAN          ORIG ID:7300000118 DESC DATE:260423 CO ENTRY DESCR:PAYMENT   SEC:CCD    TRACE#:041036047791072 EED:260424   IND ID:0000                         IND NAME:PAUL SHANET                3231077201                                                                        ACH TRANSACTION TRN: 1147791072TC",-247.00,ACH_DEBIT,3683.45,,
CREDIT,04/24/2026,"ORIG CO NAME:SERVICEPOWER           ORIG ID:7522160760 DESC DATE:042326 CO ENTRY DESCR:I600041626SEC:PPD    TRACE#:091000017668174 EED:260424   IND ID:                             IND NAME:MAJOR APPLIANCE REPAIR TRN: 1147668174TC",155.00,ACH_CREDIT,3930.45,,
CREDIT,04/24/2026,"ORIG CO NAME:PEERLESS PREMIER       ORIG ID:1370457230 DESC DATE:       CO ENTRY DESCR:VENDOR PMTSEC:CCD    TRACE#:041000120563683 EED:260424   IND ID:MAJOR APPL                   IND NAME:MAJOR APPL-NEW             108701,108712,108715,108729,108736\ TRN: 1140563683TC",740.00,ACH_CREDIT,3775.45,,
CREDIT,04/24/2026,"ORIG CO NAME:MERCH BANKCARD         ORIG ID:1470770502 DESC DATE:042326 CO ENTRY DESCR:NET SETLMTSEC:CCD    TRACE#:242071753609659 EED:260424   IND ID:520004810165                 IND NAME:MAJOR APPLIANCE SERVIC        MERCH BANKCARD  NET SETLMT   520 004810165     MAJOR APPLIANCE SERVI ICE CBC   MAJOR APPLIANCE SERV TRN: 1143609659TC",868.01,ACH_CREDIT,3035.45,,
CREDIT,04/24/2026,"Online Transfer from MMA ...6523 transaction#: 28949178509",2680.00,ACCT_XFER,2167.44,,
DSLIP,04/24/2026,"REMOTE ONLINE DEPOSIT #          1",205.77,CHECK_DEPOSIT,-512.56,1,
DEBIT,04/24/2026,"Afterpay 044-4123456 CA                      04/24",21.25,DEBIT_CARD,-718.33,,
CREDIT,04/24/2026,"Reversal: OVERDRAFT FEE FOR A $77.86 CARD PURC",34.00,REFUND_TRANSACTION,-739.58,,
CREDIT,04/24/2026,"Reversal: OVERDRAFT FEE FOR A $9.99 RECURRING",34.00,REFUND_TRANSACTION,-773.58,,
CREDIT,04/24/2026,"Reversal: OVERDRAFT FEE FOR A $193.58 ITEM - D",34.00,REFUND_TRANSACTION,-807.58,,
CREDIT,04/24/2026,"Reversal: OVERDRAFT FEE FOR A $316.32 ITEM - D",34.00,REFUND_TRANSACTION,-841.58,,
CREDIT,04/24/2026,"Reversal: OVERDRAFT FEE FOR A $121.61 ITEM - D",34.00,REFUND_TRANSACTION,-875.58,,
CREDIT,04/24/2026,"Reversal: AVATAR NUTRITION 631-480-1918 FL             04/22  ClaimId: 755182808980001",9.99,ATM,-909.58,,
DEBIT,04/23/2026,"OVERDRAFT FEE FOR A $77.86 CARD PURCHASE WITH PIN - DETAILS: 0287090422EBAY O*17-14528-66981 SAN JOSE CA    0############8517                                                                                           01182",-34.00,FEE_TRANSACTION,-919.57,,
DEBIT,04/23/2026,"OVERDRAFT FEE FOR A $9.99 RECURRING CARD PURCHASE - DETAILS:       0422AVATAR NUTRITION 631-480-1918 FL     0############8517                                                                                           00",-34.00,FEE_TRANSACTION,-885.57,,
DEBIT,04/23/2026,"OVERDRAFT FEE FOR A $121.61 ITEM - DETAILS: ORIG CO NAME:MACYS                  ORIG ID:CITIAUTFDR DESC DATE:260421 CO ENTRY DESCR:AUTO PYMT SEC:TEL    TRACE#:122402152049220 EED:260422   IND ID:721966357081111              IND NAME:GOLDA SHANET TRN: 1122049220TC",-34.00,FEE_TRANSACTION,-851.57,,
DEBIT,04/23/2026,"OVERDRAFT FEE FOR A $193.58 ITEM - DETAILS: ORIG CO NAME:ADP PAY-BY-PAY         ORIG ID:9555555505 DESC DATE:260422 CO ENTRY DESCR:PAY-BY-PAYSEC:CCD    TRACE#:021000027323673 EED:260422   IND ID:672075552688QM5              IND NAME:MAJOR APPLIANCE SERVIC                                                                                       30428768",-34.00,FEE_TRANSACTION,-817.57,,
DEBIT,04/23/2026,"OVERDRAFT FEE FOR A $316.32 ITEM - DETAILS: ORIG CO NAME:MARCONE                ORIG ID:2430728583 DESC DATE:042126 CO ENTRY DESCR:PAYMENT   SEC:PPD    TRACE#:071000281867315 EED:260422   IND ID:                             IND NAME:MAJOR APPLIANCE SERVI TRN: 1121867315TC",-34.00,FEE_TRANSACTION,-783.57,,
DEBIT,04/23/2026,"SP+AFF * THE RUNWAY 855-423-3729 CA          04/23",-57.42,DEBIT_CARD,-749.57,,
DEBIT,04/23/2026,"Amazon.com*BS6UP7ZF1 Amzn.com/bill WA        04/23",-30.47,DEBIT_CARD,-692.15,,
DEBIT,04/23/2026,"DABBL JUSTDABBL.COM FL                       04/23",-19.99,DEBIT_CARD,-661.68,,
DEBIT,04/23/2026,"SP+AFF * PETITCLAIR 855-423-3729 CA          04/22",-94.22,DEBIT_CARD,-641.69,,
DEBIT,04/23/2026,"Afterpay 044-4123456 CA                      04/22",-21.00,DEBIT_CARD,-547.47,,
DEBIT,04/23/2026,"THE CIRCLE 732-592-5437 NJ                   04/21",-19.95,DEBIT_CARD,-526.47,,
CREDIT,04/23/2026,"ORIG CO NAME:MERCH BANKCARD         ORIG ID:1470770502 DESC DATE:042226 CO ENTRY DESCR:NET SETLMTSEC:CCD    TRACE#:242071751006051 EED:260423   IND ID:520004810165                 IND NAME:MAJOR APPLIANCE SERVIC        MERCH BANKCARD  NET SETLMT   520 004810165     MAJOR APPLIANCE SERVI ICE CBC   MAJOR APPLIANCE SERV TRN: 1131006051TC",123.83,ACH_CREDIT,-506.52,,
DEBIT,04/22/2026,"EBAY O*17-14528-66981 SAN JOSE CA    028709  04/22",-77.86,DEBIT_CARD,-630.35,,
DEBIT,04/22/2026,"APPLE.COM/BILL 866-712-7753 CA               04/22",-2.99,DEBIT_CARD,-552.49,,
DEBIT,04/22/2026,"AVATAR NUTRITION 631-480-1918 FL             04/22",-9.99,DEBIT_CARD,-549.50,,
DEBIT,04/22/2026,"ORIG CO NAME:MACYS                  ORIG ID:CITIAUTFDR DESC DATE:260421 CO ENTRY DESCR:AUTO PYMT SEC:TEL    TRACE#:122402152049220 EED:260422   IND ID:721966357081111              IND NAME:GOLDA SHANET TRN: 1122049220TC",-121.61,ACH_DEBIT,-539.51,,
DEBIT,04/22/2026,"ORIG CO NAME:ADP PAY-BY-PAY         ORIG ID:9555555505 DESC DATE:260422 CO ENTRY DESCR:PAY-BY-PAYSEC:CCD    TRACE#:021000027323673 EED:260422   IND ID:672075552688QM5              IND NAME:MAJOR APPLIANCE SERVIC                                                                                       304287687 TRN: 1127323673TC",-193.58,ACH_DEBIT,-417.90,,
DEBIT,04/22/2026,"ORIG CO NAME:MARCONE                ORIG ID:2430728583 DESC DATE:042126 CO ENTRY DESCR:PAYMENT   SEC:PPD    TRACE#:071000281867315 EED:260422   IND ID:                             IND NAME:MAJOR APPLIANCE SERVI TRN: 1121867315TC",-316.32,ACH_DEBIT,-224.32,,
DEBIT,04/22/2026,"ORIG CO NAME:CheaperTeam            ORIG ID:1204895317 DESC DATE:       CO ENTRY DESCR:Bill.com  SEC:CCD    TRACE#:021000026508328 EED:260422   IND ID:015SIPRLJNYOPUM              IND NAME:Major Appliance            CheaperTeam - Inv #1755203010676 TRN: 1126508328TC",-1800.00,ACH_DEBIT,92.00,,
DEBIT,04/22/2026,"OPTUM SPECIALTY PHAR SPECIALTY.OPT MN        04/22",-4.00,DEBIT_CARD,1892.00,,
DEBIT,04/22/2026,"VINOTEMP.COM 800-777-8466 FL                 04/21",-31.95,DEBIT_CARD,1896.00,,
DEBIT,04/22/2026,"VINOTEMP.COM 800-777-8466 FL                 04/21",-50.95,DEBIT_CARD,1927.95,,
DEBIT,04/22/2026,"VINOTEMP.COM 800-777-8466 FL                 04/21",-22.90,DEBIT_CARD,1978.90,,
DEBIT,04/22/2026,"VINOTEMP.COM 800-777-8466 FL                 04/21",-125.07,DEBIT_CARD,2001.80,,
DEBIT,04/22/2026,"VINOTEMP.COM 800-777-8466 FL                 04/21",-52.95,DEBIT_CARD,2126.87,,
DEBIT,04/22/2026,"VINOTEMP.COM 800-777-8466 FL                 04/21",-20.95,DEBIT_CARD,2179.82,,
DEBIT,04/22/2026,"VINOTEMP.COM 800-777-8466 FL                 04/21",-20.95,DEBIT_CARD,2200.77,,
DEBIT,04/22/2026,"OPTUM SPECIALTY PHAR SPECIALTY.OPT MN        04/22",-1.00,DEBIT_CARD,2221.72,,
DEBIT,04/22/2026,"AMAZON MKTPL*BY50C7E Amzn.com/bill WA        04/22",-47.84,DEBIT_CARD,2222.72,,
DEBIT,04/22/2026,"AMAZON MKTPL*BY18M49 Amzn.com/bill WA        04/21",-21.25,DEBIT_CARD,2270.56,,
DEBIT,04/22/2026,"SP+AFF * THE MODESTEE 855-423-3729 CA        04/21",-75.25,DEBIT_CARD,2291.81,,
DEBIT,04/22/2026,"SP+AFF * ADEE CLOTHIN 855-423-3729 CA        04/21",-66.15,DEBIT_CARD,2367.06,,
DEBIT,04/22/2026,"LEGO 185-1642103 CT                          04/22",-41.36,DEBIT_CARD,2433.21,,
DEBIT,04/22/2026,"KLARNA*LANDS  END WWW.KLARNA.CO DE           04/16",-33.70,DEBIT_CARD,2474.57,,
CREDIT,04/22/2026,"ORIG CO NAME:PCRichard PMD          ORIG ID:7010532275 DESC DATE:260422 CO ENTRY DESCR:PAYMENT   SEC:CCD    TRACE#:051000016508232 EED:260422   IND ID:2005433                      IND NAME:majorapplian.receivabl TRN: 1126508232TC",159.00,MISC_CREDIT,2508.27,,
CREDIT,04/22/2026,"ORIG CO NAME:MERCH BANKCARD         ORIG ID:1470770502 DESC DATE:042126 CO ENTRY DESCR:NET SETLMTSEC:CCD    TRACE#:242071754068291 EED:260422   IND ID:520004810165                 IND NAME:MAJOR APPLIANCE SERVIC        MERCH BANKCARD  NET SETLMT   520 004810165     MAJOR APPLIANCE SERVI ICE CBC   MAJOR APPLIANCE SERV TRN: 1124068291TC",1031.39,ACH_CREDIT,2349.27,,
CREDIT,04/22/2026,"ODP TRANSFER FROM SAVINGS ...7718",2.99,MISC_CREDIT,1317.88,,
DEBIT,04/21/2026,"Zelle payment to Mike JPM99ce0lpeb",-90.00,CHASE_TO_PARTNERFI,1314.89,,
DEBIT,04/21/2026,"KLARNA* KAREN MILLEN KLARNA.COM OH           04/21",-42.15,DEBIT_CARD,1404.89,,
DEBIT,04/21/2026,"KLARNA* ADIDAS KLARNA.COM OH                 04/21",-34.50,DEBIT_CARD,1447.04,,
DEBIT,04/21/2026,"Zelle payment to Malka JPM99cdzmuz1",-240.00,CHASE_TO_PARTNERFI,1481.54,,
DEBIT,04/21/2026,"SP+AFF * FAME CN CENT 855-423-3729 CA        04/21",-32.23,DEBIT_CARD,1721.54,,
DEBIT,04/21/2026,"Klarna*Sephora Columbus OH                   04/21",-6.08,DEBIT_CARD,1753.77,,
CREDIT,04/21/2026,"REAL TIME TRANSFER RECD FROM ABA/CONTR BNK-021000021  FROM: GE Appliances REF: 5264007841_135770625 INFO: TEXT-RmtInf-5264007841 IID: 20260421021000021P1BRJPC09770003116 RECD: 06:03:49 TRN: 0229512111GD BREF: 0b94460462156c5f",1695.00,MISC_CREDIT,1759.85,,
CHECK,04/20/2026,"CHECK 1236  04/20",-250.00,CHECK_PAID,64.85,1236,
CHECK,04/20/2026,"CHECK 1535  ",-150.00,CHECK_PAID,314.85,1535,
DEBIT,04/20/2026,"ORIG CO NAME:MERCH BANKCARD         ORIG ID:1470770502 DESC DATE:041926 CO ENTRY DESCR:NET SETLMTSEC:CCD    TRACE#:242071751533408 EED:260420   IND ID:520004810165                 IND NAME:MAJOR APPLIANCE SERVIC        MERCH BANKCARD  NET SETLMT   520 004810165     MAJOR APPLIANCE SERVI ICE CBC   MAJOR APPLIANCE SERV TRN: 1101533408TC",-200.00,ACH_DEBIT,464.85,,
DEBIT,04/20/2026,"SP+AFF * BLEW BOUTIQU 855-423-3729 CA        04/17",-10.74,DEBIT_CARD,664.85,,
DEBIT,04/20/2026,"THE CIRCLE 732-592-5437 NJ                   04/16",-23.00,DEBIT_CARD,675.59,,
DEBIT,04/20/2026,"AMAZON MKTPL*B78FY0Q Amzn.com/bill WA        04/17",-31.98,DEBIT_CARD,698.59,,
DEBIT,04/20/2026,"BASSLINE PRODUCTIONS L 732-7193311 NJ        04/17",-14.95,DEBIT_CARD,730.57,,
DEBIT,04/20/2026,"ROCKAWAY KOSHER FAR ROCKAWAY NY              04/16",-23.00,DEBIT_CARD,745.52,,
DEBIT,04/20/2026,"AMAZON MKTPL*BY99S7J Amzn.com/bill WA        04/18",-157.16,DEBIT_CARD,768.52,,
DEBIT,04/20/2026,"AMAZON MKTPL*BS8DS7V Amzn.com/bill WA        04/17",-117.58,DEBIT_CARD,925.68,,
CREDIT,04/20/2026,"ORIG CO NAME:MERCH BANKCARD         ORIG ID:1470770502 DESC DATE:041726 CO ENTRY DESCR:NET SETLMTSEC:CCD    TRACE#:242071758960838 EED:260420   IND ID:520004810165                 IND NAME:MAJOR APPLIANCE SERVIC        MERCH BANKCARD  NET SETLMT   520 004810165     MAJOR APPLIANCE SERVI ICE CBC   MAJOR APPLIANCE SERV TRN: 1108960838TC",381.06,ACH_CREDIT,1043.26,,
CREDIT,04/20/2026,"ORIG CO NAME:MERCH BANKCARD         ORIG ID:1470770502 DESC DATE:041826 CO ENTRY DESCR:NET SETLMTSEC:CCD    TRACE#:242071751530582 EED:260420   IND ID:520004810165                 IND NAME:MAJOR APPLIANCE SERVIC        MERCH BANKCARD  NET SETLMT   520 004810165     MAJOR APPLIANCE SERVI ICE CBC   MAJOR APPLIANCE SERV TRN: 1101530582TC",593.73,ACH_CREDIT,662.20,,
DSLIP,04/20/2026,"REMOTE ONLINE DEPOSIT #          1",205.77,CHECK_DEPOSIT,68.47,1,
DSLIP,04/20/2026,"REMOTE ONLINE DEPOSIT #          1",298.32,CHECK_DEPOSIT,-137.30,1,
DSLIP,04/20/2026,"REMOTE ONLINE DEPOSIT #          1",347.32,CHECK_DEPOSIT,-435.62,1,
DEBIT,04/17/2026,"OVERDRAFT FEE FOR CHECK #1540 IN THE AMOUNT OF $358.99",-34.00,FEE_TRANSACTION,-782.94,,
DEBIT,04/17/2026,"ORIG CO NAME:ADP Tax                ORIG ID:1223006057 DESC DATE:260417 CO ENTRY DESCR:ADP Tax   SEC:CCD    TRACE#:021000024645158 EED:260417   IND ID:L9QM5 042303A01              IND NAME:MAJOR APPLIANCE SERVIC                                                                                       AA TRN: 1074645158TC",-1181.97,ACH_DEBIT,-748.94,,
DEBIT,04/17/2026,"SP+AFF* YOUNG TIMERS B AFFIRM.COM CA         04/17",-35.24,DEBIT_CARD,433.03,,
DEBIT,04/17/2026,"Zelle payment to Veronica JPM99cdhvasn",-100.00,CHASE_TO_PARTNERFI,468.27,,
DEBIT,04/17/2026,"Zelle payment to William  Franklin JPM99cdheaid",-799.91,CHASE_TO_PARTNERFI,568.27,,
DEBIT,04/17/2026,"Zelle payment to Rudy JPM99cdhe443",-895.35,CHASE_TO_PARTNERFI,1368.18,,
DEBIT,04/17/2026,"Zelle payment to Josh Perez JPM99cdhe93x",-404.48,CHASE_TO_PARTNERFI,2263.53,,
DEBIT,04/17/2026,"Zelle payment to Cristie JPM99cdhe2t7",-523.35,CHASE_TO_PARTNERFI,2668.01,,
DEBIT,04/17/2026,"ORIG CO NAME:NEW YORK LIFE          ORIG ID:1135582869 DESC DATE:APR 26 CO ENTRY DESCR:INS. PREM.SEC:WEB    TRACE#:021000021489457 EED:260417   IND ID:14 497 892                   IND NAME:GOLDA SIEGEL                                                                                                 U.S. TRN: 1071489457TC",-142.18,ACH_DEBIT,3191.36,,
DEBIT,04/17/2026,"ORIG CO NAME:Roe Oil Company        ORIG ID:1208731395 DESC DATE:       CO ENTRY DESCR:ACH CollecSEC:CCD    TRACE#:121137722072271 EED:260417   IND ID:1258                         IND NAME:Major Appliance TRN: 1072072271TC",-202.18,ACH_DEBIT,3333.54,,
DEBIT,04/17/2026,"RUSSOS PHARMACY FAR ROCKAWAY NY              04/16",-35.84,DEBIT_CARD,3535.72,,
DEBIT,04/17/2026,"AMAZON MKTPL*B70ZJ2Y Amzn.com/bill WA        04/16",-43.86,DEBIT_CARD,3571.56,,
DEBIT,04/17/2026,"ROCKAWAY KOSHER FAR ROCKAWAY NY              04/15",-26.95,DEBIT_CARD,3615.42,,
CREDIT,04/17/2026,"ORIG CO NAME:PEERLESS PREMIER       ORIG ID:1370457230 DESC DATE:       CO ENTRY DESCR:VENDOR PMTSEC:CCD    TRACE#:041000122185490 EED:260417   IND ID:MAJOR APPL                   IND NAME:MAJOR APPL-NEW             108638,108652,108688\ TRN: 1072185490TC",420.00,ACH_CREDIT,3642.37,,
CREDIT,04/17/2026,"ORIG CO NAME:MERCH BANKCARD         ORIG ID:1470770502 DESC DATE:041626 CO ENTRY DESCR:NET SETLMTSEC:CCD    TRACE#:242071750658381 EED:260417   IND ID:520004810165                 IND NAME:MAJOR APPLIANCE SERVIC        MERCH BANKCARD  NET SETLMT   520 004810165     MAJOR APPLIANCE SERVI ICE CBC   MAJOR APPLIANCE SERV TRN: 1070658381TC",727.28,ACH_CREDIT,3222.37,,
DSLIP,04/17/2026,"DEPOSIT  ID NUMBER 226640",2623.15,DEPOSIT,2495.09,,
CHECK,04/16/2026,"CHECK 1540  ",-358.99,CHECK_PAID,-128.06,1540,
CHECK,04/16/2026,"CHECK 1536  ",-340.00,CHECK_PAID,230.93,1536,
CHECK,04/16/2026,"CHECK 1746  ",-72.14,CHECK_PAID,570.93,1746,
DEBIT,04/16/2026,"ORIG CO NAME:NEW YORK LIFE          ORIG ID:1135582869 DESC DATE:APR 26 CO ENTRY DESCR:INS. PREM.SEC:WEB    TRACE#:021000020976210 EED:260416   IND ID:14 498 036                   IND NAME:GOLDA SIEGEL-SHANET                                                                                          U.S. TRN: 1060976210TC",-31.93,ACH_DEBIT,643.07,,
DEBIT,04/16/2026,"ORIG CO NAME:NEW YORK LIFE          ORIG ID:1135582869 DESC DATE:APR 26 CO ENTRY DESCR:INS. PREM.SEC:WEB    TRACE#:021000020976211 EED:260416   IND ID:14 498 036                   IND NAME:GOLDA SIEGEL-SHANET                                                                                          U.S. TRN: 1060976211TC",-137.34,ACH_DEBIT,675.00,,
DEBIT,04/16/2026,"ORIG CO NAME:IRS                    ORIG ID:3387702000 DESC DATE:041626 CO ENTRY DESCR:USATAXPYMTSEC:WEB    TRACE#:061036012769654 EED:260416   IND ID:240650670241847              IND NAME:PAUL SHANET TRN: 1062769654TC",-440.00,ACH_DEBIT,812.34,,
DEBIT,04/16/2026,"SP ZUBII KIDS ZUBIIKIDS.COM NY               04/15",-67.00,DEBIT_CARD,1252.34,,
DEBIT,04/16/2026,"ENCOMPASS PARTS ENCOMPASS.COM GA             04/15",-124.26,DEBIT_CARD,1319.34,,
DEBIT,04/16/2026,"AMAZON MKTPL*B72GG4U Amzn.com/bill WA        04/16",-37.00,DEBIT_CARD,1443.60,,
DEBIT,04/16/2026,"AMAZON MKTPL*B74OB7K Amzn.com/bill WA        04/15",-55.00,DEBIT_CARD,1480.60,,
DEBIT,04/16/2026,"AMAZON MKTPL*B70LH8I Amzn.com/bill WA        04/16",-221.76,DEBIT_CARD,1535.60,,
DEBIT,04/16/2026,"AMAZON MKTPL*B79JN01 Amzn.com/bill WA        04/15",-49.99,DEBIT_CARD,1757.36,,
DEBIT,04/16/2026,"AMAZON MKTPL*B71VW11 Amzn.com/bill WA        04/15",-26.30,DEBIT_CARD,1807.35,,
DEBIT,04/16/2026,"Walkabout Software 513-2441600 OH            04/15",-392.00,DEBIT_CARD,1833.65,,
DEBIT,04/16/2026,"JUDAICA PLUS 516-295-4343 NY                 04/14",-43.43,DEBIT_CARD,2225.65,,
DEBIT,04/16/2026,"GOURMET GLATT - CEDARHU CEDARHURST NY        04/14",-90.97,DEBIT_CARD,2269.08,,
CREDIT,04/16/2026,"ORIG CO NAME:MERCH BANKCARD         ORIG ID:1470770502 DESC DATE:041526 CO ENTRY DESCR:NET SETLMTSEC:CCD    TRACE#:242071757267005 EED:260416   IND ID:520004810165                 IND NAME:MAJOR APPLIANCE SERVIC        MERCH BANKCARD  NET SETLMT   520 004810165     MAJOR APPLIANCE SERVI ICE CBC   MAJOR APPLIANCE SERV TRN: 1067267005TC",481.85,ACH_CREDIT,2360.05,,
DSLIP,04/16/2026,"REMOTE ONLINE DEPOSIT #          1",151.34,CHECK_DEPOSIT,1878.20,1,
DEBIT,04/16/2026,"SP ZUBII KIDS MONSEY NY                      04/15",45.90,DEBIT_CARD,1726.86,,
CHECK,04/15/2026,"CHECK 1427  ",-186.49,CHECK_PAID,1680.96,1427,
CHECK,04/15/2026,"CHECK 1541  ",-500.00,CHECK_PAID,1867.45,1541,
CHECK,04/15/2026,"CHECK 1252  ",-130.00,CHECK_PAID,2367.45,1252,
CHECK,04/15/2026,"CHECK 1235  ",-170.00,CHECK_PAID,2497.45,1235,
DEBIT,04/15/2026,"ORIG CO NAME:ADP PAY-BY-PAY         ORIG ID:9555555505 DESC DATE:260415 CO ENTRY DESCR:PAY-BY-PAYSEC:CCD    TRACE#:021000028485771 EED:260415   IND ID:934041317078QM5              IND NAME:MAJOR APPLIANCE SERVIC                                                                                       304287687 TRN: 1058485771TC",-205.13,ACH_DEBIT,2667.45,,
DEBIT,04/15/2026,"ORIG CO NAME:Yeshiva Darchei        ORIG ID:9001723462 DESC DATE:041526 CO ENTRY DESCR:WEB PMTS  SEC:WEB    TRACE#:111924686868759 EED:260415   IND ID:3J8V6S                       IND NAME:Golda Siegel                                                                                                 718-868-2300 ext 0 TRN: 1056868759TC",-2008.33,ACH_DEBIT,2872.58,,
DEBIT,04/15/2026,"WWW COSTCO COM 800-955-2292 WA               04/14",-36.68,DEBIT_CARD,4880.91,,
DEBIT,04/15/2026,"AMAZON MKTPL*B70777D Amzn.com/bill WA        04/15",-30.39,DEBIT_CARD,4917.59,,
DEBIT,04/15/2026,"CIMATO & SONS NURSERY INWOOD NY              04/14",-34.76,DEBIT_CARD,4947.98,,
DEBIT,04/15/2026,"AMAZON MKTPL*BY75V7Y Amzn.com/bill WA        04/14",-17.41,DEBIT_CARD,4982.74,,
DEBIT,04/15/2026,"AMAZON MKTPL*B75CD5D Amzn.com/bill WA        04/15",-75.00,DEBIT_CARD,5000.15,,
DEBIT,04/15/2026,"AMAZON MKTPL*B70GN4A Amzn.com/bill WA        04/14",-6.19,DEBIT_CARD,5075.15,,
DEBIT,04/15/2026,"DSW. 866-3797463 OH                          04/14",-68.91,DEBIT_CARD,5081.34,,
CREDIT,04/15/2026,"ORIG CO NAME:MERCH BANKCARD         ORIG ID:1470770502 DESC DATE:041426 CO ENTRY DESCR:NET SETLMTSEC:CCD    TRACE#:242071750051028 EED:260415   IND ID:520004810165                 IND NAME:MAJOR APPLIANCE SERVIC        MERCH BANKCARD  NET SETLMT   520 004810165     MAJOR APPLIANCE SERVI ICE CBC   MAJOR APPLIANCE SERV TRN: 1050051028TC",746.14,ACH_CREDIT,5150.25,,
CREDIT,04/15/2026,"ORIG CO NAME:PCRichard PMD          ORIG ID:7010532275 DESC DATE:260415 CO ENTRY DESCR:PAYMENT   SEC:CCD    TRACE#:051000018387067 EED:260415   IND ID:2005301                      IND NAME:majorapplian.receivabl TRN: 1058387067TC",1550.00,MISC_CREDIT,4404.11,,
CREDIT,04/15/2026,"REAL TIME TRANSFER RECD FROM ABA/CONTR BNK-021000021  FROM: GE Appliances REF: 5264007253_135252272 INFO: TEXT-RmtInf-5264007253 IID: 20260415021000021P1BRJPC08880000352 RECD: 06:04:38 TRN: 0255762105GA BREF: 0b8c8ca8f1b205e6",788.00,MISC_CREDIT,2854.11,,
DEBIT,04/14/2026,"Zelle payment to Mike JPM99cd44nes",-90.00,CHASE_TO_PARTNERFI,2066.11,,
DEBIT,04/14/2026,"THE CLOSEOUT CONNECTIO CEDARHURST NY 631709  04/14",-76.46,DEBIT_CARD,2156.11,,
CHECK,04/14/2026,"CHECK 1537  ",-321.00,CHECK_PAID,2232.57,1537,
DEBIT,04/14/2026,"SUNOCO 0998194501 INWOOD NY          422902  04/14",-51.15,DEBIT_CARD,2553.57,,
DEBIT,04/14/2026,"SP+AFF * ELYS CO. 855-423-3729 CA            04/14",-39.25,DEBIT_CARD,2604.72,,
DEBIT,04/14/2026,"ORIG CO NAME:AFFIRM.COM PAYME       ORIG ID:1800948598 DESC DATE:       CO ENTRY DESCR:AFFIRM.COMSEC:WEB    TRACE#:091000019396768 EED:260414   IND ID:ST-Q8N2F8J8A3S3              IND NAME:GOLDA SIEGEL TRN: 1049396768TC",-10.11,ACH_DEBIT,2643.97,,
DEBIT,04/14/2026,"ORIG CO NAME:MARCONE                ORIG ID:2430728583 DESC DATE:041326 CO ENTRY DESCR:PAYMENT   SEC:PPD    TRACE#:071000288983300 EED:260414   IND ID:                             IND NAME:MAJOR APPLIANCE SERVI TRN: 1048983300TC",-534.17,ACH_DEBIT,2654.08,,
DEBIT,04/14/2026,"ORIG CO NAME:BAISYAAKOVATERES       ORIG ID:3383693141 DESC DATE:260413 CO ENTRY DESCR:PURCHASE  SEC:PPD    TRACE#:091000018912286 EED:260414   IND ID:                             IND NAME:SHANET TRN: 1048912286TC",-771.00,ACH_DEBIT,3188.25,,
DEBIT,04/14/2026,"Afterpay 044-4123456 CA                      04/14",-27.25,DEBIT_CARD,3959.25,,
DEBIT,04/14/2026,"Klarna*Old Navy Columbus OH                  04/14",-67.86,DEBIT_CARD,3986.50,,
DEBIT,04/14/2026,"Amazon.com*BY0EK3982 Amzn.com/bill WA        04/14",-26.10,DEBIT_CARD,4054.36,,
DEBIT,04/14/2026,"Amazon.com*BY7EA39C2 Amzn.com/bill WA        04/14",-36.19,DEBIT_CARD,4080.46,,
DEBIT,04/14/2026,"AMAZON MKTPL*B701V55 Amzn.com/bill WA        04/14",-26.85,DEBIT_CARD,4116.65,,
DEBIT,04/14/2026,"Amazon.com*B79TV23W0 Amzn.com/bill WA        04/14",-39.02,DEBIT_CARD,4143.50,,
DEBIT,04/14/2026,"Amazon.com*BY4KS8UQ2 Amzn.com/bill WA        04/14",-13.05,DEBIT_CARD,4182.52,,
DEBIT,04/14/2026,"SP DRESS BLANK LLC DRESSBLANK.CO NJ          04/13",-170.48,DEBIT_CARD,4195.57,,
DEBIT,04/14/2026,"WWW COSTCO COM 800-955-2292 WA               04/14",-82.73,DEBIT_CARD,4366.05,,
DEBIT,04/14/2026,"KHAL CHASSIDIM OF BAYSW QUEENS NY            04/13",-200.00,DEBIT_CARD,4448.78,,
DEBIT,04/14/2026,"BINGO WHOLESALE FIVE TO INWOOD NY            04/12",-377.81,DEBIT_CARD,4648.78,,
DEBIT,04/14/2026,"BINGO WHOLESALE FIVE TO INWOOD NY            04/12",-379.85,DEBIT_CARD,5026.59,,
DSLIP,04/14/2026,"REMOTE ONLINE DEPOSIT #          1",112.07,CHECK_DEPOSIT,5406.44,1,
DSLIP,04/14/2026,"REMOTE ONLINE DEPOSIT #          1",126.37,CHECK_DEPOSIT,5294.37,1,
DSLIP,04/14/2026,"REMOTE ONLINE DEPOSIT #          1",209.80,CHECK_DEPOSIT,5168.00,1,
DSLIP,04/14/2026,"REMOTE ONLINE DEPOSIT #          1",236.59,CHECK_DEPOSIT,4958.20,1,
DSLIP,04/14/2026,"REMOTE ONLINE DEPOSIT #          1",247.92,CHECK_DEPOSIT,4721.61,1,
DSLIP,04/14/2026,"REMOTE ONLINE DEPOSIT #          1",279.58,CHECK_DEPOSIT,4473.69,1,
CHECK,04/13/2026,"CHECK 1150  ",-100.00,CHECK_PAID,4194.11,1150,
CHECK,04/13/2026,"CHECK 1237  ",-450.00,CHECK_PAID,4294.11,1237,
CHECK,04/13/2026,"CHECK 1324  ",-100.00,CHECK_PAID,4744.11,1324,
DEBIT,04/13/2026,"ORIG CO NAME:AMERICAN EXPRESS       ORIG ID:2005032111 DESC DATE:260413 CO ENTRY DESCR:ACH PMT   SEC:CCD    TRACE#:021000020655040 EED:260413   IND ID:W8124                        IND NAME:MAJOR APPLIANCE                                                                                              ER AM TRN: 1030655040TC",-600.00,ACH_DEBIT,4844.11,,
CHECK,04/13/2026,"CHECK 1323  04/13",-100.00,CHECK_PAID,5444.11,1323,
DEBIT,04/13/2026,"Zelle payment to Zlata JPM99cczhekb",-100.00,CHASE_TO_PARTNERFI,5544.11,,
CHECK,04/13/2026,"CHECK 1539  ",-500.00,CHECK_PAID,5644.11,1539,
CHECK,04/13/2026,"CHECK 1534  ",-734.00,CHECK_PAID,6144.11,1534,
CHECK,04/13/2026,"CHECK 1538  ",-650.00,CHECK_PAID,6878.11,1538,
DEBIT,04/13/2026,"AMAZON MKTPL*B72XB9P Amzn.com/bill WA        04/13",-8.69,DEBIT_CARD,7528.11,,
DEBIT,04/13/2026,"AMAZON MKTPL*BY4BH8S Amzn.com/bill WA        04/13",-195.95,DEBIT_CARD,7536.80,,
DEBIT,04/13/2026,"AMAZON MKTPL*BY73I8D Amzn.com/bill WA        04/13",-42.74,DEBIT_CARD,7732.75,,
DEBIT,04/13/2026,"SP ZUBII KIDS ZUBIIKIDS.COM NY               04/13",-41.00,DEBIT_CARD,7775.49,,
DEBIT,04/13/2026,"TST*SUSHI TAEEM Brooklyn NY                  04/12",-65.73,DEBIT_CARD,7816.49,,
DEBIT,04/13/2026,"TST* CAFE ROSE BROOKLYN BROOKLYN NY          04/13",-64.79,DEBIT_CARD,7882.22,,
DEBIT,04/13/2026,"LOWE'S #2284 BROOKLYN NY             669152  04/12",-114.72,DEBIT_CARD,7947.01,,
DEBIT,04/13/2026,"H&M FASHION USA INC SECAUCUS NJ      088246  04/11",-59.97,DEBIT_CARD,8061.73,,
DEBIT,04/13/2026,"IC* INSTACART INSTACART.COM CA               04/12",-22.27,DEBIT_CARD,8121.70,,
DEBIT,04/13/2026,"IC* INSTACART INSTACART.COM CA               04/12",-26.57,DEBIT_CARD,8143.97,,
DEBIT,04/13/2026,"Amazon.com*BC9UD1UC0 Amzn.com/bill WA        04/12",-59.10,DEBIT_CARD,8170.54,,
DEBIT,04/13/2026,"BONEI OLAM VZAKEINI 718-252-1212 NY          04/10",-7.25,DEBIT_CARD,8229.64,,
DEBIT,04/13/2026,"AMAZON MKTPL*BY3G19X Amzn.com/bill WA        04/11",-28.79,DEBIT_CARD,8236.89,,
DEBIT,04/13/2026,"SP+AFF * YOUNG TIMERS 855-423-3729 CA        04/10",-40.24,DEBIT_CARD,8265.68,,
DEBIT,04/13/2026,"EAST 4 NAIL SALON CEDARHURST NY              04/10",-26.00,DEBIT_CARD,8305.92,,
DEBIT,04/13/2026,"PIZZALE CEDARHURST NY                        04/10",-40.14,DEBIT_CARD,8331.92,,
DEBIT,04/13/2026,"AMAZON MKTPL*B72AR7F Amzn.com/bill WA        04/10",-13.76,DEBIT_CARD,8372.06,,
DEBIT,04/13/2026,"PAYPAL *MCCOMBS MCCOM 800-732-0499 PA        04/12",-236.47,DEBIT_CARD,8385.82,,
DEBIT,04/13/2026,"BINGO WHOLESALE FIVE TO INWOOD NY            04/10",-202.04,DEBIT_CARD,8622.29,,
DEBIT,04/13/2026,"Amazon.com*B753Z4FY1 Amzn.com/bill WA        04/10",-38.80,DEBIT_CARD,8824.33,,
DEBIT,04/13/2026,"Amazon.com*BC62658B0 Amzn.com/bill WA        04/10",-27.15,DEBIT_CARD,8863.13,,
DEBIT,04/13/2026,"Amazon.com*BC8S398J0 Amzn.com/bill WA        04/10",-16.65,DEBIT_CARD,8890.28,,
DEBIT,04/13/2026,"BASSLINE PRODUCTIONS L 732-7193311 NJ        04/10",-14.95,DEBIT_CARD,8906.93,,
CREDIT,04/13/2026,"ORIG CO NAME:SERVICEPOWER           ORIG ID:7522160760 DESC DATE:041026 CO ENTRY DESCR:I600040226SEC:PPD    TRACE#:091000010340867 EED:260413   IND ID:                             IND NAME:MAJOR APPLIANCE REPAIR TRN: 1030340867TC",480.50,ACH_CREDIT,8921.88,,
CREDIT,04/13/2026,"ORIG CO NAME:MERCH BANKCARD         ORIG ID:1470770502 DESC DATE:041126 CO ENTRY DESCR:NET SETLMTSEC:CCD    TRACE#:242071758734084 EED:260413   IND ID:520004810165                 IND NAME:MAJOR APPLIANCE SERVIC        MERCH BANKCARD  NET SETLMT   520 004810165     MAJOR APPLIANCE SERVI ICE CBC   MAJOR APPLIANCE SERV TRN: 1038734084TC",1169.87,ACH_CREDIT,8441.38,,
CREDIT,04/13/2026,"ORIG CO NAME:PCRichard PMD          ORIG ID:7010532275 DESC DATE:260413 CO ENTRY DESCR:PAYMENT   SEC:CCD    TRACE#:051000014938684 EED:260413   IND ID:2005230                      IND NAME:majorapplian.receivabl TRN: 1034938684TC",1257.00,MISC_CREDIT,7271.51,,
CREDIT,04/13/2026,"ORIG CO NAME:MERCH BANKCARD         ORIG ID:1470770502 DESC DATE:041026 CO ENTRY DESCR:NET SETLMTSEC:CCD    TRACE#:242071755891988 EED:260413   IND ID:520004810165                 IND NAME:MAJOR APPLIANCE SERVIC        MERCH BANKCARD  NET SETLMT   520 004810165     MAJOR APPLIANCE SERVI ICE CBC   MAJOR APPLIANCE SERV TRN: 1035891988TC",1528.92,ACH_CREDIT,6014.51,,
DSLIP,04/13/2026,"REMOTE ONLINE DEPOSIT #          1",214.00,CHECK_DEPOSIT,4485.59,1,
DSLIP,04/13/2026,"REMOTE ONLINE DEPOSIT #          1",396.31,CHECK_DEPOSIT,4271.59,1,
DEBIT,04/10/2026,"ORIG CO NAME:ADP Tax                ORIG ID:1223006057 DESC DATE:260410 CO ENTRY DESCR:ADP Tax   SEC:CCD    TRACE#:021000024715961 EED:260410   IND ID:L9QM5 041602A01              IND NAME:MAJOR APPLIANCE SERVIC                                                                                       AA TRN: 1004715961TC",-1363.18,ACH_DEBIT,3875.28,,
DEBIT,04/10/2026,"Zelle payment to Malka JPM99cclw8tw",-211.00,CHASE_TO_PARTNERFI,5238.46,,
DEBIT,04/10/2026,"Zelle payment to Veronica JPM99cclw3hu",-100.00,CHASE_TO_PARTNERFI,5449.46,,
DEBIT,04/10/2026,"Zelle payment to Cristie JPM99ccky554",-483.92,CHASE_TO_PARTNERFI,5549.46,,
DEBIT,04/10/2026,"Zelle payment to Josh Perez JPM99cckxopr",-472.26,CHASE_TO_PARTNERFI,6033.38,,
DEBIT,04/10/2026,"Zelle payment to Rudy JPM99cckxz07",-863.18,CHASE_TO_PARTNERFI,6505.64,,
DEBIT,04/10/2026,"Zelle payment to William  Franklin JPM99cckxmtu",-833.34,CHASE_TO_PARTNERFI,7368.82,,
DEBIT,04/10/2026,"ORIG CO NAME:Roe Oil Company        ORIG ID:1208731395 DESC DATE:       CO ENTRY DESCR:ACH CollecSEC:CCD    TRACE#:121137727032810 EED:260410   IND ID:1258                         IND NAME:Major Appliance TRN: 1007032810TC",-191.84,ACH_DEBIT,8202.16,,
DEBIT,04/10/2026,"IC* INSTACART*1102 INSTACART.COM CA          04/10",-0.82,DEBIT_CARD,8394.00,,
DEBIT,04/10/2026,"IC* INSTACART*1102 INSTACART.COM CA          04/10",-41.92,DEBIT_CARD,8394.82,,
DEBIT,04/10/2026,"Amazon.com*BY5AK0E62 Amzn.com/bill WA        04/10",-27.22,DEBIT_CARD,8436.74,,
DEBIT,04/10/2026,"AMAZON MKTPL*BC4WF4B Amzn.com/bill WA        04/10",-34.84,DEBIT_CARD,8463.96,,
DEBIT,04/10/2026,"Amazon.com*BC86O3B50 Amzn.com/bill WA        04/10",-13.59,DEBIT_CARD,8498.80,,
CREDIT,04/10/2026,"ORIG CO NAME:PEERLESS PREMIER       ORIG ID:1370457230 DESC DATE:       CO ENTRY DESCR:VENDOR PMTSEC:CCD    TRACE#:041000124216383 EED:260410   IND ID:MAJOR APPL                   IND NAME:MAJOR APPL-NEW             104495,106504,108523,108573,108616\ TRN: 1004216383TC",730.00,ACH_CREDIT,8512.39,,
DEBIT,04/09/2026,"ORIG CO NAME:ADP Tax                ORIG ID:1223006057 DESC DATE:260409 CO ENTRY DESCR:ADP Tax   SEC:CCD    TRACE#:021000026607104 EED:260409   IND ID:L9QM5 7388987VV              IND NAME:MAJOR APPLIANCE SERVIC                                                                                       AA TRN: 0996607104TC",-0.03,ACH_DEBIT,7782.39,,
DEBIT,04/09/2026,"WEBSPRING LONDON                             04/09",-1100.00,DEBIT_CARD,7782.42,,
DEBIT,04/09/2026,"E-Z*PASSNY REBILL 800-333-8655 NY            04/09",-200.00,DEBIT_CARD,8882.42,,
DEBIT,04/09/2026,"BONEI OLAM VZAKEINI 718-252-1212 NY          04/07",-7.25,DEBIT_CARD,9082.42,,
DEBIT,04/09/2026,"BINGO WHOLESALE FIVE TO INWOOD NY            04/07",-85.27,DEBIT_CARD,9089.67,,
DEBIT,04/09/2026,"WALMART.COM 800-925-6278 AR                  04/08",-11.11,DEBIT_CARD,9174.94,,
CREDIT,04/09/2026,"ORIG CO NAME:MERCH BANKCARD         ORIG ID:1470770502 DESC DATE:040826 CO ENTRY DESCR:NET SETLMTSEC:CCD    TRACE#:242071755000786 EED:260409   IND ID:520004810165                 IND NAME:MAJOR APPLIANCE SERVIC        MERCH BANKCARD  NET SETLMT   520 004810165     MAJOR APPLIANCE SERVI ICE CBC   MAJOR APPLIANCE SERV TRN: 0995000786TC",116.50,ACH_CREDIT,9186.05,,
CREDIT,04/09/2026,"REAL TIME TRANSFER RECD FROM ABA/CONTR BNK-021000021  FROM: GE Appliances REF: 5264006632_134733820 INFO: TEXT-RmtInf-5264006632 IID: 20260409021000021P1BRJPC06210000470 RECD: 06:03:44 TRN: 0013732099GD BREF: 0b84d2eaec28b06f",585.00,MISC_CREDIT,9069.55,,
DEBIT,04/08/2026,"ORIG CO NAME:MIDWEST LOAN           ORIG ID:2383024363 DESC DATE:040126 CO ENTRY DESCR:RETRY PYMTSEC:WEB    TRACE#:072413728082541 EED:260408   IND ID:5000070887                   IND NAME:PAUL SHANET                                                                                                  ACH PROCESSING TRN: 0988082541TC",-3886.00,ACH_DEBIT,8484.55,,
DEBIT,04/08/2026,"ORIG CO NAME:FOURLEAF FCU ECM       ORIG ID:1751553739 DESC DATE:260407 CO ENTRY DESCR:LOAN PAY  SEC:TEL    TRACE#:091000015391455 EED:260408   IND ID:33104586                     IND NAME:Paul Shanet TRN: 0985391455TC",-800.00,ACH_DEBIT,12370.55,,
DEBIT,04/08/2026,"KLARNA* ADIDAS KLARNA.COM OH                 04/08",-34.50,DEBIT_CARD,13170.55,,
DEBIT,04/08/2026,"ROCKAWAY KOSHER FAR ROCKAWAY NY              04/06",-61.17,DEBIT_CARD,13205.05,,
DEBIT,04/08/2026,"BINGO WHOLESALE FIVE TO INWOOD NY            04/06",-498.99,DEBIT_CARD,13266.22,,
CREDIT,04/08/2026,"ORIG CO NAME:MERCH BANKCARD         ORIG ID:1470770502 DESC DATE:040726 CO ENTRY DESCR:NET SETLMTSEC:CCD    TRACE#:242071757420293 EED:260408   IND ID:520004810165                 IND NAME:MAJOR APPLIANCE SERVIC        MERCH BANKCARD  NET SETLMT   520 004810165     MAJOR APPLIANCE SERVI ICE CBC   MAJOR APPLIANCE SERV TRN: 0987420293TC",152.41,ACH_CREDIT,13765.21,,
CREDIT,04/08/2026,"ORIG CO NAME:PCRichard PMD          ORIG ID:7010532275 DESC DATE:260408 CO ENTRY DESCR:PAYMENT   SEC:CCD    TRACE#:051000019589974 EED:260408   IND ID:2005145                      IND NAME:majorapplian.receivabl TRN: 0989589974TC",185.00,MISC_CREDIT,13612.80,,
DEBIT,04/08/2026,"SP DRESS BLANK LLC FREEHOLD NJ               04/07",64.00,DEBIT_CARD,13427.80,,
DEBIT,04/07/2026,"ORIG CO NAME:CHASE CREDIT CRD       ORIG ID:5760039224 DESC DATE:260407 CO ENTRY DESCR:EPAY ONUS SEC:TEL    TRACE#:021000026343414 EED:260407   IND ID:8692833393                   IND NAME:571952459268351 TRN: 0976343414TC",-871.00,ACH_DEBIT,13363.80,,
DEBIT,04/07/2026,"DUANE READE STO 11602 FAR ROCKAWAY NY251042  04/07",-23.99,DEBIT_CARD,14234.80,,
DEBIT,04/07/2026,"Zelle payment to Veronica JPM99cc8344n",-220.00,CHASE_TO_PARTNERFI,14258.79,,
DEBIT,04/07/2026,"SP+AFF * FAME CN CENT 855-423-3729 CA        04/07",-32.24,DEBIT_CARD,14478.79,,
DEBIT,04/07/2026,"ORIG CO NAME:SBA EIDL LOAN          ORIG ID:7300000118 DESC DATE:260406 CO ENTRY DESCR:PAYMENT   SEC:CCD    TRACE#:041036042282677 EED:260407   IND ID:0000                         IND NAME:PAUL SHANET                3962519100                                                                        ACH TRANSACTION TRN: 0972282677TC",-515.00,ACH_DEBIT,14511.03,,
DEBIT,04/07/2026,"ORIG CO NAME:MERCH BANKCARD         ORIG ID:1470770502 DESC DATE:260331 CO ENTRY DESCR:BILLNG    SEC:CCD    TRACE#:242071751909151 EED:260407   IND ID:520004810165                 IND NAME:MAJOR APPLIANCE SERVIC     MERCH BANKCARD 520004810165 MAJOR A PPLIANCE SERVICE COMPAN TRN: 0971909151TC",-734.46,ACH_DEBIT,15026.03,,
DEBIT,04/07/2026,"ORIG CO NAME:MARCONE                ORIG ID:2430728583 DESC DATE:040626 CO ENTRY DESCR:PAYMENT   SEC:PPD    TRACE#:071000281795010 EED:260407   IND ID:                             IND NAME:MAJOR APPLIANCE SERVI TRN: 0971795010TC",-1165.92,ACH_DEBIT,15760.49,,
DEBIT,04/07/2026,"WCS ADM QUEENS ZOO FLUSHING NY               04/06",-56.70,DEBIT_CARD,16926.41,,
DEBIT,04/07/2026,"NEW YORK HALL OF SCIENC CORONA NY            04/06",-15.00,DEBIT_CARD,16983.11,,
DEBIT,04/07/2026,"AMAZON MKTPL*BC5JQ71 Amzn.com/bill WA        04/06",-45.00,DEBIT_CARD,16998.11,,
DEBIT,04/07/2026,"E-Z*PASSNY REBILL 800-333-8655 NY            04/07",-360.00,DEBIT_CARD,17043.11,,
DEBIT,04/07/2026,"LASER BOUNCE LONG ISLAN LEVITTOWN NY         04/05",-16.00,DEBIT_CARD,17403.11,,
DEBIT,04/07/2026,"LASER BOUNCE LONG ISLAN LEVITTOWN NY         04/05",-15.00,DEBIT_CARD,17419.11,,
DEBIT,04/07/2026,"LASER BOUNCE LONG ISLAN LEVITTOWN NY         04/05",-15.00,DEBIT_CARD,17434.11,,
DEBIT,04/07/2026,"LASER BOUNCE LONG ISLAN LEVITTOWN NY         04/05",-15.00,DEBIT_CARD,17449.11,,
DEBIT,04/07/2026,"LASER BOUNCE LONG ISLAN LEVITTOWN NY         04/05",-15.00,DEBIT_CARD,17464.11,,
DEBIT,04/07/2026,"LASER BOUNCE LONG ISLAN LEVITTOWN NY         04/05",-26.00,DEBIT_CARD,17479.11,,
DEBIT,04/07/2026,"LASER BOUNCE - LONG ISL LEVITTOWN NY         04/05",-103.52,DEBIT_CARD,17505.11,,
DEBIT,04/07/2026,"ROCKAWAY KOSHER FAR ROCKAWAY NY              04/05",-161.42,DEBIT_CARD,17608.63,,
DSLIP,04/07/2026,"REMOTE ONLINE DEPOSIT #          1",30.00,CHECK_DEPOSIT,17770.05,1,
DSLIP,04/07/2026,"REMOTE ONLINE DEPOSIT #          1",65.32,CHECK_DEPOSIT,17740.05,1,
DSLIP,04/07/2026,"REMOTE ONLINE DEPOSIT #          1",100.00,CHECK_DEPOSIT,17674.73,1,
DSLIP,04/07/2026,"REMOTE ONLINE DEPOSIT #          1",205.77,CHECK_DEPOSIT,17574.73,1,
DSLIP,04/07/2026,"REMOTE ONLINE DEPOSIT #          1",217.75,CHECK_DEPOSIT,17368.96,1,
DSLIP,04/07/2026,"REMOTE ONLINE DEPOSIT #          1",254.77,CHECK_DEPOSIT,17151.21,1,
DSLIP,04/07/2026,"REMOTE ONLINE DEPOSIT #          1",298.32,CHECK_DEPOSIT,16896.44,1,
DSLIP,04/07/2026,"REMOTE ONLINE DEPOSIT #          1",299.41,CHECK_DEPOSIT,16598.12,1,
DSLIP,04/07/2026,"REMOTE ONLINE DEPOSIT #          1",531.31,CHECK_DEPOSIT,16298.71,1,
DEBIT,04/06/2026,"SP+AFF * ADINA LAS VE 855-423-3729 CA        04/06",-96.56,DEBIT_CARD,15767.40,,
DEBIT,04/06/2026,"SP+AFF * YOUNG TIMERS 855-423-3729 CA        04/06",-117.23,DEBIT_CARD,15863.96,,
DEBIT,04/06/2026,"SP+AFF * ELYS CO. 855-423-3729 CA            04/06",-24.50,DEBIT_CARD,15981.19,,
DEBIT,04/06/2026,"SP+AFF * MACARONIKIDS 855-423-3729 CA        04/06",-18.12,DEBIT_CARD,16005.69,,
DEBIT,04/06/2026,"WWW.BLIMIEHELLER.COM BLIMIEHELLER. NJ        04/06",-90.00,DEBIT_CARD,16023.81,,
DEBIT,04/06/2026,"KLARNA* KAREN MILLEN KLARNA.COM OH           04/06",-42.15,DEBIT_CARD,16113.81,,
DEBIT,04/06/2026,"SP+AFF * THE MODESTEE 855-423-3729 CA        04/06",-75.25,DEBIT_CARD,16155.96,,
DEBIT,04/06/2026,"Zelle payment to Schweitzer 28718825643",-600.00,QUICKPAY_DEBIT,16231.21,,
CHECK,04/06/2026,"CHECK 1371  ",-332.00,CHECK_PAID,16831.21,1371,
CHECK,04/06/2026,"CHECK 1230  ",-350.00,CHECK_PAID,17163.21,1230,
DEBIT,04/06/2026,"SHELL SERVICE STATION INWOOD NY      407499  04/05",-53.63,DEBIT_CARD,17513.21,,
CHECK,04/06/2026,"CHECK 1695  ",-150.00,CHECK_PAID,17566.84,1695,
DEBIT,04/06/2026,"ORIG CO NAME:NYS DTF BILL PYT       ORIG ID:E146013200 DESC DATE:       CO ENTRY DESCR:Tax PaymntSEC:CCD    TRACE#:091000019608414 EED:260406   IND ID:000000142305460              IND NAME:M55182459852026 TRN: 0969608414TC",-1000.00,ACH_DEBIT,17716.84,,
DEBIT,04/06/2026,"BASSLINE PRODUCTIONS L 732-7193311 NJ        04/04",-14.95,DEBIT_CARD,18716.84,,
DEBIT,04/06/2026,"TWILIO INC WWW.TWILIO.CO CA                  04/04",-27.94,DEBIT_CARD,18731.79,,
CREDIT,04/06/2026,"ORIG CO NAME:MERCH BANKCARD         ORIG ID:1470770502 DESC DATE:040326 CO ENTRY DESCR:NET SETLMTSEC:CCD    TRACE#:242071756685567 EED:260406   IND ID:520004810165                 IND NAME:MAJOR APPLIANCE SERVIC        MERCH BANKCARD  NET SETLMT   520 004810165     MAJOR APPLIANCE SERVI ICE CBC   MAJOR APPLIANCE SERV TRN: 0966685567TC",151.34,ACH_CREDIT,18759.73,,
CREDIT,04/06/2026,"ORIG CO NAME:PCRichard PMD          ORIG ID:7010532275 DESC DATE:260406 CO ENTRY DESCR:PAYMENT   SEC:CCD    TRACE#:051000014408608 EED:260406   IND ID:2005069                      IND NAME:majorapplian.receivabl TRN: 0964408608TC",549.00,MISC_CREDIT,18608.39,,
CREDIT,04/06/2026,"ORIG CO NAME:MERCH BANKCARD         ORIG ID:1470770502 DESC DATE:040426 CO ENTRY DESCR:NET SETLMTSEC:CCD    TRACE#:242071759974256 EED:260406   IND ID:520004810165                 IND NAME:MAJOR APPLIANCE SERVIC        MERCH BANKCARD  NET SETLMT   520 004810165     MAJOR APPLIANCE SERVI ICE CBC   MAJOR APPLIANCE SERV TRN: 0969974256TC",1348.62,ACH_CREDIT,18059.39,,
DSLIP,04/06/2026,"REMOTE ONLINE DEPOSIT #          1",25.00,CHECK_DEPOSIT,16710.77,1,
DSLIP,04/06/2026,"REMOTE ONLINE DEPOSIT #          1",140.00,CHECK_DEPOSIT,16685.77,1,
DSLIP,04/06/2026,"REMOTE ONLINE DEPOSIT #          1",151.34,CHECK_DEPOSIT,16545.77,1,
DSLIP,04/06/2026,"REMOTE ONLINE DEPOSIT #          1",611.00,CHECK_DEPOSIT,16394.43,1,
DEBIT,04/06/2026,"AMAZON MKTPLACE PMTS Amzn.com/bill WA        04/06",16.00,DEBIT_CARD,15783.43,,
DEBIT,04/03/2026,"SP+AFF * YOUNG TIMERS 855-423-3729 CA        04/03",-83.98,DEBIT_CARD,15767.43,,
DEBIT,04/03/2026,"ORIG CO NAME:VERIZON                ORIG ID:9783397101 DESC DATE:       CO ENTRY DESCR:VZ BillPaySEC:WEB    TRACE#:091000015990213 EED:260403   IND ID:3582794410001                IND NAME:GOLDA SHANET TRN: 0935990213TC",-110.99,ACH_DEBIT,15851.41,,
DEBIT,04/03/2026,"ORIG CO NAME:Roe Oil Company        ORIG ID:1208731395 DESC DATE:       CO ENTRY DESCR:ACH CollecSEC:CCD    TRACE#:121137723365768 EED:260403   IND ID:1258                         IND NAME:Major Appliance TRN: 0933365768TC",-179.01,ACH_DEBIT,15962.40,,
DEBIT,04/03/2026,"AGI*LOWES PROTECT PLA 800-865-5429 GA        04/02",-173.71,DEBIT_CARD,16141.41,,
DEBIT,04/03/2026,"BONEI OLAM VZAKEINI 718-252-1212 NY          04/01",-7.25,DEBIT_CARD,16315.12,,
DEBIT,04/03/2026,"GOURMET GLATT - CEDARHU CEDARHURST NY        04/01",-4.68,DEBIT_CARD,16322.37,,
DEBIT,04/03/2026,"GOURMET GLATT - CEDARHU CEDARHURST NY        04/01",-154.71,DEBIT_CARD,16327.05,,
DEBIT,04/03/2026,"KJ MATZOS 845-774-4040 NY                    04/01",-308.00,DEBIT_CARD,16481.76,,
CREDIT,04/03/2026,"ORIG CO NAME:SERVICEPOWER           ORIG ID:7522160760 DESC DATE:040226 CO ENTRY DESCR:I600032626SEC:PPD    TRACE#:091000015538377 EED:260403   IND ID:                             IND NAME:MAJOR APPLIANCE REPAIR TRN: 0935538377TC",651.00,ACH_CREDIT,16789.76,,
CREDIT,04/03/2026,"ORIG CO NAME:MERCH BANKCARD         ORIG ID:1470770502 DESC DATE:040226 CO ENTRY DESCR:NET SETLMTSEC:CCD    TRACE#:242071751997596 EED:260403   IND ID:520004810165                 IND NAME:MAJOR APPLIANCE SERVIC        MERCH BANKCARD  NET SETLMT   520 004810165     MAJOR APPLIANCE SERVI ICE CBC   MAJOR APPLIANCE SERV TRN: 0931997596TC",943.94,ACH_CREDIT,16138.76,,
CREDIT,04/03/2026,"ORIG CO NAME:PEERLESS PREMIER       ORIG ID:1370457230 DESC DATE:       CO ENTRY DESCR:VENDOR PMTSEC:CCD    TRACE#:041000126385719 EED:260403   IND ID:MAJOR APPL                   IND NAME:MAJOR APPL-NEW             VARIOUS\ TRN: 0936385719TC",5765.00,ACH_CREDIT,15194.82,,
CREDIT,04/03/2026,"ORIG CO NAME:SERVICEPOWER           ORIG ID:1522160760 DESC DATE:040226 CO ENTRY DESCR:I680030326SEC:PPD    TRACE#:091000015539694 EED:260403   IND ID:                             IND NAME:MAJOR APPLIANCE SERVIC TRN: 0935539694TC",7940.00,ACH_CREDIT,9429.82,,
CREDIT,04/03/2026,"REAL TIME TRANSFER RECD FROM ABA/CONTR BNK-021000021  FROM: GE Appliances REF: 5264006170_134215412 INFO: TEXT-RmtInf-5264006170 IID: 20260403021000021P1BRJPC07950001221 RECD: 06:03:37 TRN: 0134922093GD BREF: 0b7d1958a5a79acb",300.00,MISC_CREDIT,1489.82,,
DEBIT,04/02/2026,"SP+AFF * FAME CN CENT 855-423-3729 CA        04/02",-46.50,DEBIT_CARD,1189.82,,
DEBIT,04/02/2026,"ENCOMPASS PARTS ENCOMPASS.COM GA             04/02",-293.64,DEBIT_CARD,1236.32,,
DEBIT,04/02/2026,"ORIG CO NAME:ADP PAY-BY-PAY         ORIG ID:9555555505 DESC DATE:260402 CO ENTRY DESCR:PAY-BY-PAYSEC:CCD    TRACE#:021000020644812 EED:260402   IND ID:933041112351QM5              IND NAME:MAJOR APPLIANCE SERVIC                                                                                       304287687 TRN: 0920644812TC",-416.82,ACH_DEBIT,1529.96,,
DEBIT,04/02/2026,"EAST 4 NAIL SALON CEDARHURST NY              04/01",-39.00,DEBIT_CARD,1946.78,,
DEBIT,04/02/2026,"WWW.24SIX.APP WWW.24SIX.APP NY               04/01",-9.99,DEBIT_CARD,1985.78,,
DEBIT,04/02/2026,"Amazon.com*BG1OD1ET0 Amzn.com/bill WA        04/01",-10.88,DEBIT_CARD,1995.77,,
DEBIT,04/02/2026,"AMAZON MKTPL*BG6JP2H Amzn.com/bill WA        04/01",-48.45,DEBIT_CARD,2006.65,,
DEBIT,04/02/2026,"THE CIRCLE 732-592-5437 NJ                   03/31",-18.00,DEBIT_CARD,2055.10,,
DEBIT,04/02/2026,"AMAZON MKTPL*BG38D7D Amzn.com/bill WA        04/02",-58.71,DEBIT_CARD,2073.10,,
DEBIT,04/02/2026,"BINGO WHOLESALE FIVE TO INWOOD NY            03/31",-433.42,DEBIT_CARD,2131.81,,
CREDIT,04/02/2026,"ORIG CO NAME:ADP PAY-BY-PAY         ORIG ID:9555555505 DESC DATE:260402 CO ENTRY DESCR:PAY-BY-PAYSEC:CCD    TRACE#:021000026441730 EED:260402   IND ID:758079366375QM5              IND NAME:MAJOR APPLIANCE SERVIC                                                                                       304287687 TRN: 0926441730TC",16.45,ACH_CREDIT,2565.23,,
CREDIT,04/02/2026,"ORIG CO NAME:MERCH BANKCARD         ORIG ID:1470770502 DESC DATE:040126 CO ENTRY DESCR:NET SETLMTSEC:CCD    TRACE#:242071751198373 EED:260402   IND ID:520004810165                 IND NAME:MAJOR APPLIANCE SERVIC        MERCH BANKCARD  NET SETLMT   520 004810165     MAJOR APPLIANCE SERVI ICE CBC   MAJOR APPLIANCE SERV TRN: 0921198373TC",829.09,ACH_CREDIT,2548.78,,
DEBIT,04/01/2026,"ORIG CO NAME:TRAVELERS              ORIG ID:0000408976 DESC DATE:260401 CO ENTRY DESCR:PER INSUR SEC:WEB    TRACE#:021000024155379 EED:260401   IND ID:1477790                      IND NAME:PAUL C SHANET PAUL C *                                                                                       800-842-5075 TRN: 0914155379TC",-458.58,ACH_DEBIT,1719.69,,
DEBIT,04/01/2026,"ORIG CO NAME:ADP Tax                ORIG ID:1223006057 DESC DATE:260401 CO ENTRY DESCR:ADP Tax   SEC:CCD    TRACE#:021000026460040 EED:260401   IND ID:L9QM5 032002A02              IND NAME:MAJOR APPLIANCE SERVIC                                                                                       AA TRN: 0916460040TC",-1357.73,ACH_DEBIT,2178.27,,
DEBIT,04/01/2026,"ORIG CO NAME:ADP Tax                ORIG ID:1223006057 DESC DATE:260401 CO ENTRY DESCR:ADP Tax   SEC:CCD    TRACE#:021000026361230 EED:260401   IND ID:L9QM5 032702A02              IND NAME:MAJOR APPLIANCE SERVIC                                                                                       AA TRN: 0916361230TC",-1349.25,ACH_DEBIT,3536.00,,
DEBIT,04/01/2026,"Zelle payment to Josh Perez JPM99cbeztwx",-394.31,CHASE_TO_PARTNERFI,4885.25,,
DEBIT,04/01/2026,"Zelle payment to Rudy JPM99cbez6zx",-898.41,CHASE_TO_PARTNERFI,5279.56,,
DEBIT,04/01/2026,"Zelle payment to Cristie JPM99cbezrf2",-483.94,CHASE_TO_PARTNERFI,6177.97,,
DEBIT,04/01/2026,"Zelle payment to William  Franklin JPM99cbezq9w",-1094.13,CHASE_TO_PARTNERFI,6661.91,,
DEBIT,04/01/2026,"Zelle payment to Veronica JPM99cbeomk0",-100.00,CHASE_TO_PARTNERFI,7756.04,,
DEBIT,04/01/2026,"EBAY O*14-14439-12099 SAN JOSE CA    135020  04/01",-13.58,DEBIT_CARD,7856.04,,
DEBIT,04/01/2026,"GOOGLE *Workspace_ma cc@google.com CA        04/01",-18.29,DEBIT_CARD,7869.62,,
DEBIT,04/01/2026,"AVATAR NUTRITION 631-480-1918 FL             04/01",-9.99,DEBIT_CARD,7887.91,,
DEBIT,04/01/2026,"ORIG CO NAME:ADP PAY-BY-PAY         ORIG ID:9555555505 DESC DATE:260401 CO ENTRY DESCR:PAY-BY-PAYSEC:CCD    TRACE#:021000020896294 EED:260401   IND ID:502082711291QM5              IND NAME:MAJOR APPLIANCE SERVIC                                                                                       304287687 TRN: 0910896294TC",-16.45,ACH_DEBIT,7897.90,,
DEBIT,04/01/2026,"ORIG CO NAME:MARCONE                ORIG ID:2430728583 DESC DATE:033126 CO ENTRY DESCR:PAYMENT   SEC:PPD    TRACE#:071000289542142 EED:260401   IND ID:                             IND NAME:MAJOR APPLIANCE SERVI TRN: 0919542142TC",-202.14,ACH_DEBIT,7914.35,,
DEBIT,04/01/2026,"ORIG CO NAME:MACYS                  ORIG ID:CITICTP    DESC DATE:260331 CO ENTRY DESCR:ONLINE PMTSEC:WEB    TRACE#:091409689358016 EED:260401   IND ID:601974595393579              IND NAME:GOLDA SIEGEL TRN: 0919358016TC",-250.00,ACH_DEBIT,8116.49,,
DEBIT,04/01/2026,"AMAZON MKTPL*BG6NJ2M Amzn.com/bill WA        04/01",-9.69,DEBIT_CARD,8366.49,,
DEBIT,04/01/2026,"TST*CARLOS AND GABBYS Lawrence NY            03/31",-78.97,DEBIT_CARD,8376.18,,
DEBIT,04/01/2026,"ENCOMPASS PARTS ENCOMPASS.COM GA             03/31",-228.63,DEBIT_CARD,8455.15,,
DEBIT,04/01/2026,"AMAZON MKTPL*BG2V043 Amzn.com/bill WA        04/01",-28.95,DEBIT_CARD,8683.78,,
DEBIT,04/01/2026,"AMAZON MKTPL*BG6DZ9H Amzn.com/bill WA        04/01",-188.66,DEBIT_CARD,8712.73,,
DEBIT,04/01/2026,"GOURMET GLATT - CEDARHU CEDARHURST NY        03/30",-85.30,DEBIT_CARD,8901.39,,
CREDIT,04/01/2026,"ORIG CO NAME:MERCH BANKCARD         ORIG ID:1470770502 DESC DATE:033126 CO ENTRY DESCR:NET SETLMTSEC:CCD    TRACE#:242071753213282 EED:260401   IND ID:520004810165                 IND NAME:MAJOR APPLIANCE SERVIC        MERCH BANKCARD  NET SETLMT   520 004810165     MAJOR APPLIANCE SERVI ICE CBC   MAJOR APPLIANCE SERV TRN: 0913213282TC",891.13,ACH_CREDIT,8986.69,,
CREDIT,04/01/2026,"ORIG CO NAME:PCRichard PMD          ORIG ID:7010532275 DESC DATE:260401 CO ENTRY DESCR:PAYMENT   SEC:CCD    TRACE#:051000011040929 EED:260401   IND ID:2004986                      IND NAME:majorapplian.receivabl TRN: 0911040929TC",4440.00,MISC_CREDIT,8095.56,,
DSLIP,04/01/2026,"REMOTE ONLINE DEPOSIT #          1",140.45,CHECK_DEPOSIT,3655.56,1,
DSLIP,04/01/2026,"REMOTE ONLINE DEPOSIT #          1",151.34,CHECK_DEPOSIT,3515.11,1,
DSLIP,04/01/2026,"REMOTE ONLINE DEPOSIT #          1",205.77,CHECK_DEPOSIT,3363.77,1,
DSLIP,04/01/2026,"REMOTE ONLINE DEPOSIT #          1",205.77,CHECK_DEPOSIT,3158.00,1,
DSLIP,04/01/2026,"REMOTE ONLINE DEPOSIT #          1",375.62,CHECK_DEPOSIT,2952.23,1,
